sample size, time(s)
10, 0.0020797252655029297
200,0.8099851608276367
700,23.742630004882812
1000, 73.17038321495056